first_name,last_name,email,gender,income,tax_15
Alverta,Colkett,acolkett0@cocolog-nifty.com,Female,123072.34,
Nichole,Brandassi,nbrandassi1@mail.ru,Bigender,,24115.0
Ruperto,Chaddock,rchaddock2@mail.ru,Male,62524.77,9378.72
Lula,Sorrill,lsorrill3@hatena.ne.jp,Female,48000.77,7200.12
Blondell,Benard,bbenard4@admin.ch,Female,88638.49,13295.77
Jacquelyn,Fawdry,jfawdry5@addthis.com,Female,,14493.0
Kurt,Dugue,kdugue6@istockphoto.com,Male,105041.02,15756.15
Cordelie,Bloxsom,cbloxsom7@state.gov,Woman,236589.68,35488.45
Katinka,Renzo,krenzo8@thetimes.co.uk,Woman,194301.63,29145.24
Ketty,Pakeman,kpakeman9@chicagotribune.com,Female,239219.05,
Nicky,Cooley,ncooleya@mayoclinic.com,Genderfluid,220441.77,33066.27
Tarrah,Boot,tbootb@joomla.org,Female,103297.25,15494.59
Bert,Edmondson,bedmondsonc@usatoday.com,Male,217100.07,
Carlotta,Franzoli,cfranzolid@jiathis.com,Female,,29142.0
Ryan,Densumbe,rdensumbee@cyberchimps.com,Male,138737.32,20810.6
Jill,Minthorpe,jminthorpef@blinklist.com,Female,-101308.01,15196.2
Christiano,Calow,ccalowg@surveymonkey.com,Male,61107.21,9166.08
Ame,Ambrozewicz,aambrozewiczh@ihg.com,Female,33310.48,4996.57
Leena,Fellgett,lfellgetti@slate.com,Woman,138446.69,20767.0
Coralyn,Stockey,cstockeyj@typepad.com,Female,-89765.7,
Edith,Hamlington,ehamlingtonk@wordpress.com,Female,116205.81,17430.87
Ofelia,Farquar,ofarquarl@jiathis.com,Bigender,159307.22,23896.08
Joan,Overton,jovertonm@samsung.com,Female,220131.53,33019.73
Elyse,Tome,etomen@census.gov,Female,-34081.51,5112.23
Nissa,Moen,nmoeno@diigo.com,Female,67814.79,10172.22
Yurik,Foch,yfochp@hhs.gov,Male,82218.38,12332.76
Murvyn,Vanetti,mvanettiq@tmall.com,Male,208761.12,31314.17
Lemuel,Capsey,lcapseyr@yellowbook.com,Male,245300.43,36795.06
Barnaby,Sanz,bsanzs@ocn.ne.jp,Male,195515.84,29327.38
Barbabas,Kidsley,bkidsleyt@ow.ly,Male,,13755.0
Hermina,Phlippi,hphlippiu@gmpg.org,Female,138274.12,20741.12
Andie,Bernaldez,abernaldezv@ebay.co.uk,Female,,18418.0
Haleigh,Valett,hvalettw@github.io,Male,,30594.0
Elisabet,Webland,eweblandx@nih.gov,Agender,218786.29,32817.94
Kelcey,Jacobssen,kjacobsseny@msu.edu,Female,248149.36,37222.4
Lil,Perazzo,lperazzoz@people.com.cn,Female,226225.25,33933.79
Sukey,Hayhow,shayhow10@homestead.com,Female,207797.77,31169.67
Egan,Dunaway,edunaway11@prweb.com,Male,177651.33,26647.7
Lanny,Radki,lradki12@cargocollective.com,Male,60192.28,9028.84
Sherwynd,Dearth,sdearth13@ask.com,Male,107070.56,16060.58
Robers,Henrionot,rhenrionot14@arstechnica.com,Male,,15815.0
Alfy,Freemantle,afreemantle15@weibo.com,Male,182856.92,27428.54
Baldwin,Gregg,bgregg16@deliciousdays.com,Male,226150.55,33922.58
Livy,Terrill,lterrill17@blog.com,Female,-21512.64,3226.9
Nomi,Humburton,nhumburton18@msu.edu,Female,72977.57,10946.64
Devlen,Lillecrop,dlillecrop19@sun.com,Male,243295.66,36494.35
Lilias,Cockerton,lcockerton1a@sbwire.com,Female,100124.04,15018.61
Florenza,Shreve,fshreve1b@boston.com,Female,182791.64,27418.75
Ava,Bazoge,abazoge1c@posterous.com,Female,,41991.0
Gerald,Mungan,gmungan1d@360.cn,Male,81951.03,12292.65
Will,Calver,wcalver1e@g.co,Men,164543.53,24681.53
Dun,Brennans,dbrennans1f@ted.com,Male,219530.93,32929.64
Elly,Tester,etester1g@unc.edu,Female,31241.33,4686.2
Fidole,Brickner,fbrickner1h@hugedomains.com,Male,249594.76,37439.21
Moritz,Dupree,mdupree1i@google.cn,Agender,82322.8,12348.42
Indira,Maghull,imaghull1j@furl.net,Female,-228513.74,34277.06
Kristal,Casemore,kcasemore1k@ted.com,Female,67653.38,
Wayne,Le Grys,wlegrys1l@illinois.edu,Male,-98527.32,14779.1
Sylvia,Aldie,saldie1m@reuters.com,Women,27809.94,4171.49
Merralee,Lay,mlay1n@phpbb.com,Women,60693.5,9104.03
Brenna,Currell,bcurrell1o@time.com,Female,42210.02,6331.5
Geneva,Rome,grome1p@amazon.de,Female,158417.44,23762.62
Nollie,Chue,nchue1q@eventbrite.com,Men,124397.7,18659.66
Baron,Bisseker,bbisseker1r@umn.edu,Men,236815.76,35522.36
Hugues,Chipp,hchipp1s@163.com,Man,102540.32,15381.05
Lesya,Vallery,lvallery1t@paypal.com,Genderfluid,66844.05,10026.61
Jesselyn,Leathwood,jleathwood1u@rakuten.co.jp,Female,17184.22,2577.63
Sammie,Volkes,svolkes1v@canalblog.com,Man,231044.77,
Kendrick,McParlin,kmcparlin1w@istockphoto.com,Male,160830.3,24124.55
Clari,Truwert,ctruwert1x@wikia.com,Female,246930.74,37039.61
Nikola,Welfair,nwelfair1y@pbs.org,Male,,23305.0
Corrine,Tschierasche,ctschierasche1z@intel.com,Female,73500.36,11025.05
Andie,Sellens,asellens20@ovh.net,Genderfluid,240951.63,36142.74
Tabina,Jardin,tjardin21@myspace.com,Female,123575.95,18536.39
Thorsten,Geffe,tgeffe22@soup.io,Male,191210.19,28681.53
Clarissa,Dunkirk,cdunkirk23@ucoz.ru,Female,112448.34,16867.25
Royce,McGarvie,rmcgarvie24@jigsy.com,Male,124337.53,18650.63
Darby,Lawey,dlawey25@surveymonkey.com,Male,214359.36,32153.9
Jan,Hess,jhess26@businessinsider.com,Female,-200006.12,30000.92
Rubin,Locks,rlocks27@amazon.com,Male,208548.15,31282.22
Frans,Manley,fmanley28@pcworld.com,Male,191774.13,28766.12
Shanan,Gilliat,sgilliat29@4shared.com,Male,-229903.46,34485.52
Angy,Shill,ashill2a@ftc.gov,Female,222289.9,33343.49
Mellisa,Squier,msquier2b@fc2.com,Female,101604.45,15240.67
Vidovic,Nono,vnono2c@home.pl,Male,91133.37,13670.01
Laryssa,De Miranda,ldemiranda2d@google.es,Female,121364.99,18204.75
Rozanne,Deveraux,rdeveraux2e@friendfeed.com,Female,175341.66,26301.25
Fawn,Vernon,fvernon2f@amazon.co.uk,Female,-227361.99,34104.3
Gerardo,Satterthwaite,gsatterthwaite2g@oakley.com,Male,123802.71,18570.41
Felipa,Lattie,flattie2h@csmonitor.com,Female,-237050.46,35557.57
Audie,Myatt,amyatt2i@ocn.ne.jp,Female,134584.12,20187.62
Addy,Samwyse,asamwyse2j@smh.com.au,Male,,46446.0
Bobbette,Abramof,babramof2k@clickbank.net,Female,,5717.0
Dennie,Oulett,doulett2l@upenn.edu,Male,46051.8,6907.77
Fanya,Schwieso,fschwieso2m@lycos.com,Non-binary,-213473.86,32021.08
Rosetta,Philpots,rphilpots2n@hugedomains.com,Bigender,104311.51,15646.73
Cobby,Blazevic,cblazevic2o@patch.com,Genderqueer,161699.33,24254.9
Brennen,Sudlow,bsudlow2p@dailymotion.com,Male,173763.2,26064.48
Georgeanne,Elfes,gelfes2q@blogger.com,Agender,234303.96,35145.59
Gilbertine,McGrudder,gmcgrudder2r@qq.com,Female,200087.0,30013.05
Oralia,Pyper,opyper2s@utexas.edu,Bigender,183993.81,27599.07
Gretna,Langelay,glangelay2t@technorati.com,Female,153325.35,22998.8
Roy,Paz,rpaz2u@apple.com,Male,15609.34,2341.4
Danni,Baiden,dbaiden2v@ted.com,Female,,30343.0
Kurtis,Grouvel,kgrouvel2w@guardian.co.uk,Male,144646.71,21697.01
Conroy,Redmille,credmille2x@artisteer.com,Male,191412.17,28711.83
Troy,Woodfield,twoodfield2y@ucoz.ru,Male,38425.16,5763.77
Corby,Grieveson,cgrieveson2z@auda.org.au,Man,234776.04,35216.41
Mady,Soppett,msoppett30@qq.com,Female,161263.71,24189.56
Roma,Isenor,risenor31@sourceforge.net,Man,227166.48,
Quintin,Dunsire,qdunsire32@bbc.co.uk,Male,141302.65,21195.4
Janene,Balaizot,jbalaizot33@google.com.br,Female,185446.22,27816.93
Carin,Selvester,cselvester34@independent.co.uk,Female,26600.85,3990.13
Melony,Scoines,mscoines35@alibaba.com,Female,,12866.0
Claudell,Challice,cchallice36@cbslocal.com,Male,24642.47,3696.37
Geordie,MacKettrick,gmackettrick37@parallels.com,Male,-44363.61,6654.54
Stella,Drain,sdrain38@google.ca,Female,56817.32,8522.6
Shani,Kiddy,skiddy39@baidu.com,Female,209923.9,31488.59
Sharla,Jacox,sjacox3a@google.com.hk,Female,,44946.0
Rosabella,Ebbin,rebbin3b@google.com,Female,207094.69,31064.2
Trisha,Trammel,ttrammel3c@jalbum.net,Non-binary,,21716.0
Pascale,Pero,ppero3d@cbc.ca,Male,203903.3,30585.5
Janeczka,Molian,jmolian3e@time.com,Female,42737.72,6410.66
Valentino,Lubbock,vlubbock3f@prweb.com,Male,116669.24,17500.39
Roldan,Martell,rmartell3g@prlog.org,Man,155517.96,23327.69
Juditha,Main,jmain3h@hexun.com,Female,232931.06,34939.66
Merna,Scottrell,mscottrell3i@yale.edu,Female,249417.38,37412.61
Arabella,Brownett,abrownett3j@about.com,Female,101579.77,15236.97
Pate,Yoxen,pyoxen3k@geocities.com,Man,222196.91,33329.54
Effie,Jaskowicz,ejaskowicz3l@yahoo.com,Female,183369.84,27505.48
Norby,Storton,nstorton3m@yale.edu,Male,95539.98,14331.0
Yuri,Mingus,ymingus3n@twitpic.com,Male,126483.21,18972.48
Emmery,Waldock,ewaldock3o@weather.com,Male,,26229.0
Ashbey,Giabucci,agiabucci3p@samsung.com,Male,50393.74,7559.06
Stacy,Moohan,smoohan3q@cnbc.com,Agender,99293.24,14893.99
Zaria,Tripean,ztripean3r@yahoo.co.jp,Female,67533.78,10130.07
Antonietta,Digg,adigg3s@about.com,Genderfluid,186707.86,28006.18
Agnella,Pleavin,apleavin3t@ucla.edu,Female,-232689.79,34903.47
Willey,Jutson,wjutson3u@sciencedaily.com,Male,136961.3,20544.2
Mike,Koch,mkoch3v@wikia.com,Male,,48879.0
Jolyn,Tutton,jtutton3w@eepurl.com,Female,164499.71,24674.96
Jan,Seebert,jseebert3x@fastcompany.com,Female,206895.8,31034.37
Dion,Enevold,denevold3y@mayoclinic.com,Male,-96493.17,14473.98
Arman,Beringer,aberinger3z@pbs.org,Non-binary,35615.14,5342.27
Aurea,Magarrell,amagarrell40@ucsd.edu,Female,182055.98,27308.4
Aubree,Ruler,aruler41@bloomberg.com,Female,131556.18,19733.43
Falito,Engall,fengall42@cnn.com,Genderfluid,42115.0,6317.25
Garv,Partleton,gpartleton43@ucla.edu,Male,79391.03,11908.65
Sela,Cunnell,scunnell44@soup.io,Female,73170.23,10975.53
Leticia,Gofford,lgofford45@skype.com,Female,221068.5,33160.28
Lisbeth,Kellington,lkellington46@bing.com,Female,155550.21,23332.53
Phylis,Giddings,pgiddings47@google.co.uk,Female,23589.54,3538.43
Angel,Charlson,acharlson48@netvibes.com,Female,,17056.0
Rubina,Pacey,rpacey49@vk.com,Female,185227.26,27784.09
Vonnie,Barde,vbarde4a@hhs.gov,Female,102684.27,15402.64
Rosalie,Brettell,rbrettell4b@mozilla.com,Female,190360.72,28554.11
Ilka,Antoniou,iantoniou4c@ucla.edu,Female,110894.41,16634.16
Orran,Pilger,opilger4d@printfriendly.com,Man,97001.47,14550.22
Emalia,Levitt,elevitt4e@techcrunch.com,Non-binary,198490.34,29773.55
Bastien,Blunsum,bblunsum4f@360.cn,Man,,44974.0
Gill,Jeandin,gjeandin4g@earthlink.net,Man,127117.52,19067.63
Julina,Beaten,jbeaten4h@google.cn,Female,179908.01,26986.2
Sharity,Drakeley,sdrakeley4i@networksolutions.com,Female,73254.08,10988.11
Joyous,Tynan,jtynan4j@weather.com,Female,-196029.18,29404.38
Lethia,Fermor,lfermor4k@engadget.com,Genderqueer,137946.35,20691.95
Lynnell,Leemans,lleemans4l@chron.com,Female,,15356.0
Angy,Holdey,aholdey4m@wufoo.com,Female,89201.16,13380.17
Luise,Shorthouse,lshorthouse4n@craigslist.org,Female,76734.28,11510.14
Audi,Robrose,arobrose4o@nymag.com,Female,239675.75,35951.36
Rutherford,Bulluck,rbulluck4p@redcross.org,Man,-22490.85,3373.63
Mona,Robilart,mrobilart4q@sbwire.com,Female,63475.75,9521.36
Abbie,Philippou,aphilippou4r@miibeian.gov.cn,Female,230404.26,
Cate,Petry,cpetry4s@wired.com,Genderqueer,148270.04,22240.51
Lindy,Belt,lbelt4t@usa.gov,Male,109380.05,16407.01
Perla,Keoghane,pkeoghane4u@tinypic.com,Female,245275.74,36791.36
Joete,Bearcock,jbearcock4v@newsvine.com,Female,47028.1,
Anthia,Jentet,ajentet4w@kickstarter.com,Female,-80267.05,12040.06
Manya,Horrell,mhorrell4x@pbs.org,Female,222032.06,33304.81
Amelina,Elsworth,aelsworth4y@slideshare.net,Female,,29903.0
Shay,Kettlestringes,skettlestringes4z@tripod.com,Female,163533.52,24530.03
Urbain,Biggadyke,ubiggadyke50@paypal.com,Male,120761.35,18114.2
Saxon,Feldstern,sfeldstern51@senate.gov,Male,129593.63,19439.04
Ralf,Sultana,rsultana52@angelfire.com,Male,159658.05,23948.71
Cheryl,Asser,casser53@canalblog.com,Female,192217.57,28832.64
Bengt,Kitchenham,bkitchenham54@imageshack.us,Male,,31758.0
Griff,Sheehy,gsheehy55@sohu.com,Male,32748.34,4912.25
Beatrix,McGrouther,bmcgrouther56@hao123.com,Female,82131.39,12319.71
Garek,Sillis,gsillis57@google.com.br,Male,73744.32,11061.65
Ber,Filer,bfiler58@shareasale.com,Male,139405.29,20910.79
Mirabel,Syseland,msyseland59@livejournal.com,Female,46434.14,6965.12
Adrian,Holberry,aholberry5a@nifty.com,Male,150697.0,22604.55
Gothart,Aldine,galdine5b@artisteer.com,Male,201941.18,30291.18
Brewer,McCreagh,bmccreagh5c@cafepress.com,Male,126016.56,18902.48
Elwira,Becerro,ebecerro5d@ted.com,Female,194637.33,29195.6
Calhoun,Battram,cbattram5e@linkedin.com,Male,167206.2,25080.93
Mikkel,Cotillard,mcotillard5f@mapy.cz,Male,185191.95,27778.79
Miles,Bolduc,mbolduc5g@ask.com,Male,228664.22,34299.63
Tam,Hutchins,thutchins5h@hp.com,Male,173450.77,26017.62
Goddart,Fairbard,gfairbard5i@usnews.com,Male,147739.87,22160.98
Darcy,Capineer,dcapineer5j@bigcartel.com,Male,186854.45,28028.17
Aldwin,Enevoldsen,aenevoldsen5k@ifeng.com,Male,221532.38,33229.86
Ursa,O' Cuolahan,uocuolahan5l@dyndns.org,Female,,15085.0
Duffie,Cowsby,dcowsby5m@friendfeed.com,Male,183478.21,27521.73
Leanor,Linner,llinner5n@phpbb.com,Female,157170.18,23575.53
Gwennie,Hacquoil,ghacquoil5o@wsj.com,Female,51143.36,7671.5
Melonie,Stanmore,mstanmore5p@histats.com,Female,,38579.0
Euphemia,Loyns,eloyns5q@berkeley.edu,Female,72724.72,10908.71
Alameda,Konrad,akonrad5r@va.gov,Female,62897.27,9434.59
Marcela,Growcott,mgrowcott5s@blog.com,Genderfluid,139663.3,20949.5
Tabbi,McAne,tmcane5t@tinyurl.com,Female,170709.23,25606.38
Raynard,Kondratyuk,rkondratyuk5u@home.pl,Male,246145.09,36921.76
Fawnia,Baskeyfield,fbaskeyfield5v@topsy.com,Female,128007.27,19201.09
Roseanna,Warstall,rwarstall5w@mit.edu,Female,197519.59,29627.94
Marlo,Arp,marp5x@mlb.com,Female,142071.4,21310.71
Angelita,Vertigan,avertigan5y@un.org,Female,27926.62,4188.99
Agnes,Gregg,agregg5z@exblog.jp,Female,-31368.09,4705.21
Ashly,Hourston,ahourston60@printfriendly.com,Female,147134.65,22070.2
Winnah,Greatex,wgreatex61@cbsnews.com,Female,73099.51,10964.93
Cirillo,Younge,cyounge62@flavors.me,Male,202724.82,30408.72
Matty,Pitrelli,mpitrelli63@topsy.com,Male,216705.94,32505.89
Kessia,Labarre,klabarre64@state.tx.us,Polygender,203408.07,30511.21
Brandie,Dixcee,bdixcee65@fda.gov,Female,,36648.0
Hanson,Corrado,hcorrado66@yellowpages.com,Male,212772.18,31915.83
Claybourne,Van Bruggen,cvanbruggen67@pbs.org,Male,49642.36,7446.35
Annecorinne,Reeks,areeks68@topsy.com,Female,148273.99,22241.1
Franciska,Olexa,folexa69@newsvine.com,Female,,40902.0
Rosalind,Ewings,rewings6a@prweb.com,Female,142638.91,21395.84
Elmer,Kohen,ekohen6b@netlog.com,Male,185947.59,27892.14
Maggie,Rydings,mrydings6c@plala.or.jp,Bigender,26807.84,4021.18
Claude,Issett,cissett6d@bloglovin.com,Female,148119.61,22217.94
Kalle,Durrant,kdurrant6e@toplist.cz,Male,-32742.5,4911.38
Krista,Lergan,klergan6f@google.fr,Female,31319.06,4697.86
Dareen,Lorden,dlorden6g@constantcontact.com,Female,224117.17,33617.58
Zonnya,Sperrett,zsperrett6h@webeden.co.uk,Female,90081.71,13512.26
Tades,Groucutt,tgroucutt6i@51.la,Male,98478.08,14771.71
Reagen,Idill,ridill6j@hugedomains.com,Polygender,53007.82,7951.17
Hana,Ryott,hryott6k@linkedin.com,Female,83590.87,12538.63
Dalila,Benyan,dbenyan6l@rambler.ru,Agender,238159.08,35723.86
Krissy,Bakeup,kbakeup6m@aol.com,Female,186656.79,27998.52
Neill,Bucknell,nbucknell6n@squidoo.com,Male,-105211.32,15781.7
Elisabetta,Llewellin,ellewellin6o@networksolutions.com,Female,27653.91,4148.09
Marilyn,Ackenhead,mackenhead6p@studiopress.com,Female,84108.51,12616.28
Joachim,Bartholat,jbartholat6q@is.gd,Male,-151145.43,22671.81
Lionello,Dundin,ldundin6r@infoseek.co.jp,Non-binary,49360.26,7404.04
Garrek,Parnell,gparnell6s@ask.com,Male,-26371.04,3955.66
Pamelina,Tebald,ptebald6t@cbslocal.com,Female,122315.73,18347.36
Meta,O'Hartnedy,mohartnedy6u@gnu.org,Agender,138874.73,20831.21
Melody,Beazey,mbeazey6v@tripod.com,Female,101852.55,15277.88
Maible,Beardwood,mbeardwood6w@reference.com,Female,140678.67,21101.8
Jemmie,Blagdon,jblagdon6x@umich.edu,Female,54351.71,8152.76
Banky,Himpson,bhimpson6y@ca.gov,Male,-135961.66,20394.25
Dav,Holt,dholt6z@nifty.com,Male,229891.01,34483.65
Lorry,Falkinder,lfalkinder70@cyberchimps.com,Non-binary,248954.19,37343.13
Kerri,Garrat,kgarrat71@istockphoto.com,Female,17772.15,2665.82
Conni,Gauche,cgauche72@youtube.com,Female,16235.38,2435.31
Kitti,Pocklington,kpocklington73@usda.gov,Female,238514.31,35777.15
Francisco,Acarson,facarson74@gnu.org,Male,108451.94,16267.79
Ralf,Shalloo,rshalloo75@alibaba.com,Male,,35255.0
Hagan,Crus,hcrus76@zdnet.com,Male,232630.18,34894.53
Gae,MacChaell,gmacchaell77@bbb.org,Female,74107.88,11116.18
Koralle,Barensky,kbarensky78@twitter.com,Female,197933.72,29690.06
Tiffi,Scandred,tscandred79@europa.eu,Female,30829.39,4624.41
Cleve,De Launde,cdelaunde7a@storify.com,Male,22466.81,3370.02
Hugues,Joselovitch,hjoselovitch7b@quantcast.com,Male,116128.74,17419.31
Urson,Easun,ueasun7c@google.nl,Bigender,154241.41,23136.21
Fletcher,Gymblett,fgymblett7d@issuu.com,Male,214217.46,32132.62
Ricard,Lieber,rlieber7e@sbwire.com,Male,150501.32,22575.2
Gwenore,Elgram,gelgram7f@archive.org,Female,37641.03,5646.15
Antonietta,Lennox,alennox7g@walmart.com,Female,160106.42,24015.96
Waring,Bosman,wbosman7h@wikipedia.org,Male,-129086.43,19362.96
Sylvester,Eouzan,seouzan7i@reverbnation.com,Male,-209787.92,31468.19
Von,Oulner,voulner7j@loc.gov,Male,-78730.8,11809.62
Alverta,Tomasi,atomasi7k@comsenz.com,Genderfluid,237527.76,35629.16
Theressa,Bockin,tbockin7l@oaic.gov.au,Female,,6470.0
Ninnetta,Duding,nduding7m@unblog.fr,Female,-207806.81,31171.02
Brocky,Valenta,bvalenta7n@google.com,Genderfluid,208295.8,31244.37
Denice,Goldstein,dgoldstein7o@ezinearticles.com,Female,194464.48,29169.67
Arch,Dodwell,adodwell7p@aboutads.info,Bigender,148887.69,22333.15
Oralle,Heminsley,oheminsley7q@china.com.cn,Female,-230390.78,34558.62
Courtnay,Pert,cpert7r@ca.gov,Male,197483.0,29622.45
Gary,Poleykett,gpoleykett7s@nationalgeographic.com,Male,25043.45,3756.52
Lauritz,Zmitrovich,lzmitrovich7t@google.cn,Male,206688.38,31003.26
Illa,Vink,ivink7u@1und1.de,Female,221097.04,33164.56
Malory,Mellmer,mmellmer7v@bloomberg.com,Female,84695.45,12704.32
Ida,Ibbitson,iibbitson7w@bloglines.com,Female,221612.12,33241.82
Salomon,Romain,sromain7x@dot.gov,Male,167877.96,25181.69
Michal,Clemont,mclemont7y@bbb.org,Female,49577.27,7436.59
Emory,Levings,elevings7z@g.co,Male,-90733.47,13610.02
Gordon,Shaw,gshaw80@un.org,Male,-165002.19,24750.33
Humbert,Perrington,hperrington81@weebly.com,Male,222502.57,33375.39
Luz,Awmack,lawmack82@slate.com,Female,182602.42,
Em,Knowlman,eknowlman83@topsy.com,Female,63281.57,9492.24
Winfred,Dryden,wdryden84@rakuten.co.jp,Male,-106684.37,16002.66
Jade,Ingon,jingon85@usa.gov,Female,50216.56,7532.48
James,Daville,jdaville86@1und1.de,Polygender,105786.17,15867.93
Lenore,Jirek,ljirek87@skyrock.com,Non-binary,,12209.0
Minor,Dunnaway,mdunnaway88@bloomberg.com,Male,139665.7,20949.86
Emeline,Chaffe,echaffe89@blinklist.com,Female,246364.55,36954.68
Ragnar,Durrans,rdurrans8a@google.ru,Male,164993.27,24748.99
Berton,Roon,broon8b@squarespace.com,Male,145863.74,21879.56
Jayne,Durgan,jdurgan8c@gnu.org,Female,85873.37,12881.01
Rahel,Domone,rdomone8d@google.de,Female,159906.22,23985.93
Ealasaid,Goodred,egoodred8e@newsvine.com,Female,233916.29,35087.44
Barnaby,Wehden,bwehden8f@amazon.com,Male,177352.57,
Merissa,Antuk,mantuk8g@ovh.net,Non-binary,90791.72,13618.76
Maddie,Dumbreck,mdumbreck8h@home.pl,Non-binary,26331.16,3949.67
Garrard,Iuorio,giuorio8i@constantcontact.com,Male,87983.89,13197.58
Rachael,Barzen,rbarzen8j@facebook.com,Female,,36815.0
Dusty,Longcake,dlongcake8k@canalblog.com,Polygender,117242.16,17586.32
Bella,MacCaughan,bmaccaughan8l@gmpg.org,Female,212475.72,31871.36
Berkly,Jeannet,bjeannet8m@foxnews.com,Male,95373.77,14306.07
Marjorie,Pitchford,mpitchford8n@slideshare.net,Female,63201.36,9480.2
Heidie,Pantone,hpantone8o@google.co.uk,Female,,13497.0
Jacquelin,Marchment,jmarchment8p@wsj.com,Female,39186.67,5878.0
Emmanuel,Brookes,ebrookes8q@123-reg.co.uk,Male,91501.35,13725.2
Gilberta,Lamminam,glamminam8r@google.pl,Female,242281.97,36342.3
Berrie,Truscott,btruscott8s@people.com.cn,Female,,40501.0
Dominique,Halsted,dhalsted8t@ox.ac.uk,Female,235988.5,35398.28
Ethel,Sleicht,esleicht8u@nifty.com,Female,244700.98,36705.15
Sig,Nani,snani8v@microsoft.com,Male,113742.79,17061.42
Kellen,Taylour,ktaylour8w@hibu.com,Male,,24234.0
Constantine,Clunie,cclunie8x@wikipedia.org,Female,205534.45,30830.17
Eryn,Duhig,eduhig8y@cloudflare.com,Female,231422.89,34713.43
Manfred,Stockings,mstockings8z@wsj.com,Male,182717.25,27407.59
Archambault,Buckingham,abuckingham90@vinaora.com,Male,212170.25,31825.54
Marten,Dispencer,mdispencer91@mapy.cz,Male,,28734.0
Rupert,Yardley,ryardley92@oakley.com,Bigender,237813.27,35671.99
Elka,Bransden,ebransden93@mac.com,Non-binary,168140.15,25221.02
Tudor,Arling,tarling94@nasa.gov,Male,40546.85,6082.03
Olivie,Adess,oadess95@amazon.de,Female,164674.74,24701.21
Yankee,Snowsill,ysnowsill96@nytimes.com,Male,31901.95,4785.29
Aymer,Davidsson,adavidsson97@nps.gov,Non-binary,41998.88,6299.83
Philippe,Strettle,pstrettle98@last.fm,Female,240234.19,36035.13
Brion,Crew,bcrew99@toplist.cz,Genderqueer,74594.58,11189.19
Ange,Bullcock,abullcock9a@google.com.hk,Female,28482.23,4272.33
Julietta,Leggett,jleggett9b@gravatar.com,Female,121300.07,18195.01
Tilly,Yurevich,tyurevich9c@unicef.org,Female,,43522.0
Maudie,Twells,mtwells9d@php.net,Female,67810.82,10171.62
Rori,Lundie,rlundie9e@examiner.com,Female,199830.01,29974.5
Stoddard,Cromb,scromb9f@yale.edu,Female,188263.21,28239.48
Drusy,Currm,dcurrm9g@vk.com,Female,52444.33,7866.65
Karl,Peacocke,kpeacocke9h@geocities.com,Male,142895.87,21434.38
Alonzo,Covey,acovey9i@msu.edu,Male,189028.98,28354.35
Zackariah,Roy,zroy9j@google.com,Male,142912.84,21436.93
Purcell,Gibbie,pgibbie9k@wisc.edu,Male,62983.72,9447.56
Audrie,Nisuis,anisuis9l@icq.com,Female,,12399.0
Welbie,Shakelady,wshakelady9m@about.me,Male,46997.72,7049.66
Aila,Boat,aboat9n@newsvine.com,Female,32568.93,4885.34
Neda,Oxborrow,noxborrow9o@goodreads.com,Female,16974.69,2546.2
Gabi,Wint,gwint9p@businessweek.com,Female,108807.82,16321.17
Sydel,Americi,samerici9q@chicagotribune.com,Female,127440.85,19116.13
Oralle,Ryton,oryton9r@theatlantic.com,Female,111730.49,16759.57
Palm,Burnell,pburnell9s@prlog.org,Male,205377.29,30806.59
Dunn,Bleythin,dbleythin9t@toplist.cz,Male,144071.57,21610.74
Joby,Guerry,jguerry9u@buzzfeed.com,Female,138543.9,20781.59
Zita,Eisak,zeisak9v@walmart.com,Female,113443.68,17016.55
Johnnie,Ruppelin,jruppelin9w@delicious.com,Male,248395.93,37259.39
Willey,Peckham,wpeckham9x@behance.net,Male,154571.29,23185.69
Johnna,Malden,jmalden9y@yolasite.com,Female,162545.87,24381.88
Eduard,Gilham,egilham9z@blinklist.com,Male,35870.41,5380.56
Marci,Batteson,mbattesona0@ftc.gov,Female,161227.22,24184.08
Osbert,Folliott,ofolliotta1@hud.gov,Male,149001.22,22350.18
Cindi,Hattersley,chattersleya2@hostgator.com,Female,158947.49,23842.12
Nester,Durston,ndurstona3@eventbrite.com,Polygender,,6522.0
Catha,Rosso,crossoa4@prnewswire.com,Female,134975.32,20246.3
Garret,Fiennes,gfiennesa5@independent.co.uk,Male,123996.72,18599.51
Yard,McGown,ymcgowna6@artisteer.com,Genderfluid,184916.47,27737.47
Deane,Steet,dsteeta7@istockphoto.com,Male,,46179.0
Shirlee,Kroch,skrocha8@seesaa.net,Female,232369.9,34855.49
Darryl,Gaskamp,dgaskampa9@desdev.cn,Female,155917.63,23387.64
Justina,Vellacott,jvellacottaa@clickbank.net,Female,121953.69,18293.05
Lucienne,Kingsmill,lkingsmillab@behance.net,Female,112312.11,16846.82
Jeniffer,Stych,jstychac@jiathis.com,Genderqueer,154019.49,23102.92
Tiphanie,Viles,tvilesad@dot.gov,Female,41756.31,6263.45
Sapphire,Sidden,ssiddenae@exblog.jp,Female,-73917.66,11087.65
Vinny,Debrett,vdebrettaf@bluehost.com,Male,171032.57,25654.89
Colin,Arderne,carderneag@disqus.com,Male,41082.06,6162.31
Bernadina,Davidou,bdavidouah@mozilla.org,Female,-228927.04,34339.06
Micheil,Bullocke,mbullockeai@simplemachines.org,Male,201392.46,30208.87
Erek,Wharin,ewharinaj@eepurl.com,Male,23869.9,3580.49
Isacco,Eddowes,ieddowesak@4shared.com,Male,112183.71,16827.56
Jarrett,Everiss,jeverissal@skype.com,Male,75850.18,11377.53
Bronny,Wingrove,bwingroveam@independent.co.uk,Male,,19978.0
Eugenie,Smallpeace,esmallpeacean@discuz.net,Female,197491.19,29623.68
Ruthanne,Misk,rmiskao@phoca.cz,Female,81829.7,12274.46
Bret,Nunn,bnunnap@behance.net,Male,,45205.0
Lance,Binnes,lbinnesaq@usda.gov,Genderfluid,-58722.41,8808.36
Clarence,Brader,cbraderar@comsenz.com,Male,46757.03,7013.55
Mariette,Nuscha,mnuschaas@free.fr,Female,141244.89,21186.73
Hebert,Pavlenko,hpavlenkoat@google.es,Male,196255.55,29438.33
Danie,Shackell,dshackellau@smh.com.au,Male,175353.1,26302.97
Jess,Risely,jriselyav@liveinternet.ru,Male,225281.73,33792.26
Lexy,Craw,lcrawaw@naver.com,Female,184827.68,27724.15
Padget,Kares,pkaresax@theguardian.com,Male,83841.39,12576.21
Dory,Tenaunt,dtenauntay@privacy.gov.au,Female,81218.75,12182.81
Torrey,Harlowe,tharloweaz@nymag.com,Male,111190.09,16678.51
Luce,Mundie,lmundieb0@walmart.com,Male,227199.62,34079.94
Mel,Gambrell,mgambrellb1@hud.gov,Male,160410.07,24061.51
Dulcea,Steiner,dsteinerb2@t-online.de,Female,90031.52,13504.73
Claire,Larvor,clarvorb3@goodreads.com,Male,-186185.12,27927.77
Starr,Van Halen,svanhalenb4@google.es,Female,,10961.0
Jana,Brotherheed,jbrotherheedb5@youtube.com,Female,73514.31,11027.15
Claretta,Bromage,cbromageb6@desdev.cn,Female,40480.48,6072.07
Casey,Click,cclickb7@tinypic.com,Male,67435.48,10115.32
Goran,Trussman,gtrussmanb8@dailymotion.com,Male,23607.81,3541.17
Marietta,Twopenny,mtwopennyb9@flickr.com,Male,91650.1,13747.52
Darby,Clawson,dclawsonba@icq.com,Female,48702.98,7305.45
Sheffy,Farries,sfarriesbb@biblegateway.com,Male,200519.21,30077.88
Shena,Milksop,smilksopbc@bbc.co.uk,Female,76054.65,11408.2
Yasmeen,Pinhorn,ypinhornbd@chicagotribune.com,Female,-37852.13,5677.82
Winnah,Ebbens,webbensbe@smugmug.com,Female,152775.53,22916.33
Betti,Couronne,bcouronnebf@odnoklassniki.ru,Female,135898.02,20384.7
Cristen,Fallanche,cfallanchebg@va.gov,Female,171816.1,25772.42
Kellen,Maylour,kmaylourbh@biblegateway.com,Male,162799.39,24419.91
Gisela,Drewell,gdrewellbi@virginia.edu,Genderqueer,30712.79,4606.92
Yorgos,Kulic,ykulicbj@canalblog.com,Male,234205.91,35130.89
Martguerita,Coaker,mcoakerbk@reverbnation.com,Female,90789.28,13618.39
Taite,Richten,trichtenbl@sfgate.com,Male,229426.87,34414.03
Jermaine,Thexton,jthextonbm@wordpress.org,Non-binary,195661.44,29349.22
Bert,Form,bformbn@oakley.com,Female,208622.31,31293.35
Burg,Ciubutaro,bciubutarobo@mediafire.com,Male,,38351.0
Uriel,Raffon,uraffonbp@vimeo.com,Male,16127.9,2419.19
Doroteya,Schleswig-Holstein,dschleswigholsteinbq@diigo.com,Female,154274.08,23141.11
Nola,Ellesmere,nellesmerebr@scientificamerican.com,Female,111075.69,16661.35
Horatio,Kennler,hkennlerbs@booking.com,Male,138298.83,
Jeno,Robertucci,jrobertuccibt@networkadvertising.org,Male,51164.3,7674.65
Joshia,Thomel,jthomelbu@amazon.com,Male,113531.86,17029.78
Grover,Joscelin,gjoscelinbv@mlb.com,Male,201635.08,30245.26
Paddy,Aspland,pasplandbw@nba.com,Male,-203910.04,30586.51
Gretta,Oakton,goaktonbx@merriam-webster.com,Female,146499.31,21974.9
Bartlett,Fullun,bfullunby@sourceforge.net,Male,140814.14,21122.12
Welby,Swafield,wswafieldbz@blogspot.com,Genderfluid,223643.0,33546.45
Witty,Lightwing,wlightwingc0@illinois.edu,Male,228938.79,34340.82
Marlon,Acomb,macombc1@sina.com.cn,Male,162753.93,
Carly,Dowsett,cdowsettc2@smugmug.com,Female,229139.19,34370.88
Jae,Polfer,jpolferc3@about.com,Male,110382.25,16557.34
Egbert,Farfalameev,efarfalameevc4@theatlantic.com,Male,76241.5,11436.23
Lyman,Couchman,lcouchmanc5@paypal.com,Male,,41942.0
Zulema,Szymanek,zszymanekc6@mozilla.com,Female,148590.45,22288.57
Amelie,Wiggins,awigginsc7@npr.org,Female,189960.6,28494.09
Haley,Bleasby,hbleasbyc8@yellowbook.com,Female,193766.69,29065.0
Lelah,Petras,lpetrasc9@fda.gov,Female,164204.41,24630.66
Cammie,Kidby,ckidbyca@redcross.org,Female,-121467.4,18220.11
Kinnie,Loxdale,kloxdalecb@sun.com,Male,-36411.03,5461.65
Cirilo,Bligh,cblighcc@google.co.uk,Male,116989.41,17548.41
Gallard,Wroe,gwroecd@hibu.com,Male,211520.78,31728.12
Kailey,Defries,kdefriesce@infoseek.co.jp,Female,23895.22,3584.28
Aland,Bridat,abridatcf@wix.com,Male,-107945.45,16191.82
Christoph,Labusch,clabuschcg@va.gov,Male,240013.39,36002.01
Xena,Darwen,xdarwench@ifeng.com,Female,126047.42,18907.11
Leontine,Plant,lplantci@liveinternet.ru,Female,91121.95,13668.29
Vittorio,Marxsen,vmarxsencj@sakura.ne.jp,Male,178586.81,26788.02
Derby,Viney,dvineyck@goo.ne.jp,Male,67800.85,10170.13
Beaufort,Backler,bbacklercl@ed.gov,Male,102126.46,15318.97
Sallyanne,Bardill,sbardillcm@stanford.edu,Female,56760.04,8514.01
Adelina,Kinder,akindercn@economist.com,Female,92517.89,13877.68
Stevy,Frisby,sfrisbyco@netvibes.com,Male,108836.42,16325.46
Jere,Lambillion,jlambillioncp@fema.gov,Female,-22700.04,3405.01
Donnamarie,Petegrew,dpetegrewcq@xing.com,Female,31882.57,4782.39
Kathryne,Stallworthy,kstallworthycr@tmall.com,Female,90348.71,13552.31
Gillian,McGaraghan,gmcgaraghancs@a8.net,Female,221418.0,33212.7
Sydney,Tristram,stristramct@sphinn.com,Female,-40458.33,6068.75
Prue,Gilding,pgildingcu@pbs.org,Female,228704.94,34305.74
Benedetta,Espadater,bespadatercv@google.ca,Female,122133.76,18320.06
Bronny,Waddoups,bwaddoupscw@vinaora.com,Male,97527.16,14629.07
Manuel,Chaundy,mchaundycx@unc.edu,Non-binary,97534.05,14630.11
Trude,Phonix,tphonixcy@twitter.com,Female,79785.19,11967.78
Gabriela,Tanguy,gtanguycz@time.com,Female,57944.93,8691.74
Hugh,Mawditt,hmawdittd0@ustream.tv,Male,-83332.2,
Ollie,Kevane,okevaned1@free.fr,Male,219134.36,32870.15
Guglielmo,Trent,gtrentd2@123-reg.co.uk,Male,242457.23,36368.58
Curt,Tolumello,ctolumellod3@hostgator.com,Male,229942.63,34491.39
Stace,Biasioli,sbiasiolid4@bigcartel.com,Female,101399.38,15209.91
Flory,Lowmass,flowmassd5@chronoengine.com,Male,192590.94,28888.64
Eben,O'Kielt,eokieltd6@samsung.com,Male,113619.91,17042.99
Archambault,Reskelly,areskellyd7@ucla.edu,Polygender,220216.83,
Vinnie,Alibone,valiboned8@umich.edu,Female,141673.47,21251.02
Annadiana,Caldecott,acaldecottd9@examiner.com,Female,148761.33,22314.2
Zelig,Hofton,zhoftonda@dropbox.com,Male,158833.61,23825.04
Gareth,McKag,gmckagdb@taobao.com,Male,108741.59,16311.24
Antonio,Linnane,alinnanedc@about.me,Male,139580.91,20937.14
Burch,Hartless,bhartlessdd@blogtalkradio.com,Male,89258.85,13388.83
Odey,Marsden,omarsdende@europa.eu,Male,-72759.65,10913.95
Woodrow,Dimic,wdimicdf@multiply.com,Male,107100.61,16065.09
Dennis,Glaze,dglazedg@qq.com,Male,17845.18,2676.78
Raymond,Pirdue,rpirduedh@wordpress.org,Male,101939.33,15290.9
Mac,Abelovitz,mabelovitzdi@w3.org,Male,107818.27,16172.74
Krispin,Tison,ktisondj@dropbox.com,Bigender,225499.74,33824.96
Lorry,Saunt,lsauntdk@pinterest.com,Female,15826.78,
Othilie,Smelley,osmelleydl@columbia.edu,Female,216347.49,32452.12
Kalli,Canby,kcanbydm@liveinternet.ru,Female,152079.45,22811.92
Karlan,Tait,ktaitdn@dailymotion.com,Male,90930.92,13639.64
Addy,Eayrs,aeayrsdo@whitehouse.gov,Male,126470.29,18970.54
Lesli,Delacour,ldelacourdp@biblegateway.com,Female,50539.49,7580.92
Yetta,De la Harpe,ydelaharpedq@pinterest.com,Female,244846.68,36727.0
Roby,Thain,rthaindr@google.de,Female,64546.08,9681.91
Gabriell,Gollin,ggollinds@discuz.net,Female,-195274.14,29291.12
Nicky,Wandrey,nwandreydt@ycombinator.com,Male,27263.14,4089.47
Rollo,Harrap,rharrapdu@gizmodo.com,Male,,8521.0
Marie,Brawn,mbrawndv@ihg.com,Female,26859.27,4028.89
Sue,Hairon,shairondw@yale.edu,Female,-229018.04,34352.71
Saunder,Bradborne,sbradbornedx@privacy.gov.au,Male,28413.74,4262.06
Ahmad,Gebhardt,agebhardtdy@aol.com,Non-binary,176872.66,26530.9
Lorraine,Hadenton,lhadentondz@washington.edu,Female,155605.52,23340.83
Ethan,Sealy,esealye0@liveinternet.ru,Male,216836.38,32525.46
Kay,Grcic,kgrcice1@icq.com,Female,23957.05,3593.56
Florinda,Tennock,ftennocke2@usa.gov,Female,-68942.81,10341.42
Allyce,Vahl,avahle3@icq.com,Female,131602.76,19740.41
Marcos,Isakovitch,misakovitche4@walmart.com,Male,220403.17,33060.48
Nannette,McGarva,nmcgarvae5@pbs.org,Female,,39203.0
Steffane,Koppes,skoppese6@issuu.com,Female,111839.36,16775.9
Emili,Pavlovic,epavlovice7@webeden.co.uk,Female,48551.87,7282.78
Dorelle,Lowater,dlowatere8@360.cn,Female,68674.19,10301.13
Harri,Pitford,hpitforde9@mtv.com,Female,69422.28,10413.34
Galvin,Louden,gloudenea@tamu.edu,Male,21551.88,3232.78
Wanids,Myner,wmynereb@businessinsider.com,Polygender,94906.83,14236.02
Niven,Arbon,narbonec@mapy.cz,Male,217065.37,32559.81
Fee,Prydden,fpryddened@google.fr,Male,124148.42,18622.26
Giavani,Latus,glatusee@yellowpages.com,Male,148158.92,22223.84
Fedora,Pirrone,fpirroneef@ca.gov,Female,97636.93,14645.54
Murry,Carne,mcarneeg@com.com,Male,75269.02,11290.35
Minor,Bertwistle,mbertwistleeh@tiny.cc,Male,237341.6,35601.24
Ari,Whyborn,awhybornei@netvibes.com,Male,193256.08,28988.41
Fleming,Kield,fkieldej@ask.com,Male,117271.06,17590.66
Corty,Jindra,cjindraek@amazon.co.uk,Male,19193.08,2878.96
Darnall,Scaice,dscaiceel@homestead.com,Male,198091.6,29713.74
Arnaldo,Ife,aifeem@buzzfeed.com,Male,,16167.0
Chandler,Dirr,cdirren@squarespace.com,Male,146569.74,21985.46
Ginny,Spawton,gspawtoneo@google.co.jp,Female,247572.3,37135.85
Olivier,Culver,oculverep@pinterest.com,Male,70867.62,10630.14
Ford,Werner,fwernereq@goo.ne.jp,Male,47258.93,7088.84
Pascal,Pyburn,ppyburner@squarespace.com,Male,213145.12,31971.77
Patrice,Husset,phussetes@engadget.com,Female,151748.01,22762.2
Letizia,D'Ambrosi,ldambrosiet@google.com.hk,Female,212887.06,31933.06
Justina,Beckingham,jbeckinghameu@bbb.org,Female,129671.59,19450.74
Cloris,Wayte,cwayteev@sciencedirect.com,Female,167848.76,25177.31
Josselyn,Miners,jminersew@51.la,Female,95165.68,14274.85
Alisha,Nolda,anoldaex@intel.com,Female,,18114.0
Carolyn,Barmadier,cbarmadierey@vimeo.com,Female,58917.46,8837.62
Kendre,Piperley,kpiperleyez@github.com,Female,,16248.0
Gideon,Pennaman,gpennamanf0@sfgate.com,Male,220947.22,33142.08
Meir,Binnion,mbinnionf1@kickstarter.com,Male,85471.25,12820.69
Jordain,Giblin,jgiblinf2@dot.gov,Female,-132344.86,
Daffy,Abramski,dabramskif3@de.vu,Female,-77773.41,11666.01
Lulita,Chadney,lchadneyf4@tripod.com,Female,120384.17,18057.63
Wyndham,Casetta,wcasettaf5@telegraph.co.uk,Genderfluid,119110.9,17866.64
Egon,Brissenden,ebrissendenf6@goo.gl,Male,-53533.66,8030.05
Chance,Warlock,cwarlockf7@nature.com,Male,48558.89,7283.83
Skylar,Noblett,snoblettf8@icio.us,Male,-93746.72,
Brod,Gonnard,bgonnardf9@cargocollective.com,Male,161689.59,24253.44
Arabele,Guiness,aguinessfa@geocities.com,Female,-109304.22,16395.63
Katheryn,Kubec,kkubecfb@desdev.cn,Genderqueer,212720.3,31908.05
Onida,Renney,orenneyfc@constantcontact.com,Female,113189.77,16978.47
Lucias,Marfe,lmarfefd@miitbeian.gov.cn,Male,-202569.66,30385.45
Desiri,Brosi,dbrosife@auda.org.au,Female,115664.42,17349.66
Friedrick,Avann,favannff@networkadvertising.org,Male,,10986.0
Evvie,Fissenden,efissendenfg@mediafire.com,Female,,9907.0
Emanuele,Snugg,esnuggfh@t.co,Male,42803.23,6420.48
Wolf,Hourstan,whourstanfi@bloglines.com,Male,,22075.0
Andrey,Evanson,aevansonfj@foxnews.com,Male,57839.47,8675.92
Harwilll,Brett,hbrettfk@fc2.com,Male,63286.98,9493.05
Vinny,Robillart,vrobillartfl@blinklist.com,Male,26278.69,3941.8
Kendre,Raise,kraisefm@macromedia.com,Female,151761.42,22764.21
Therese,Driffill,tdriffillfn@sitemeter.com,Female,215885.4,32382.81
Alexandrina,Kliemchen,akliemchenfo@cornell.edu,Female,98025.53,14703.83
Bridie,Joicey,bjoiceyfp@shareasale.com,Female,165522.29,24828.34
Sanders,Spyby,sspybyfq@usatoday.com,Male,80945.56,12141.83
Sunny,Beddis,sbeddisfr@webs.com,Male,89541.89,13431.28
Charlene,Sivewright,csivewrightfs@ovh.net,Female,59560.7,8934.11
Miguel,Pennigar,mpennigarft@creativecommons.org,Male,62967.66,9445.15
Dominic,Edelston,dedelstonfu@yolasite.com,Male,140314.9,21047.24
Eadie,Liddington,eliddingtonfv@etsy.com,Female,144721.04,21708.16
Madge,Ticksall,mticksallfw@qq.com,Female,225555.9,33833.39
Even,Peachman,epeachmanfx@biblegateway.com,Male,147235.01,22085.25
Hi,Munning,hmunningfy@slashdot.org,Male,161058.37,24158.76
Dehlia,Bramo,dbramofz@nydailynews.com,Female,,33899.0
Mendel,Runnicles,mrunniclesg0@howstuffworks.com,Male,126249.03,18937.35
Sherry,Bore,sboreg1@symantec.com,Female,50601.64,7590.25
Beverlie,Danielli,bdaniellig2@blog.com,Female,179821.95,26973.29
Freda,Filimore,ffilimoreg3@deliciousdays.com,Female,180234.94,27035.24
Belia,Naismith,bnaismithg4@cyberchimps.com,Female,,25410.0
Aggi,Wigfall,awigfallg5@pbs.org,Female,72918.83,10937.82
Alyosha,Jans,ajansg6@webnode.com,Male,55631.53,8344.73
Harrietta,Lawdham,hlawdhamg7@ucla.edu,Female,-202845.67,30426.85
Merci,Whetson,mwhetsong8@microsoft.com,Female,184568.44,27685.27
Karine,Scotchford,kscotchfordg9@a8.net,Female,-105143.13,15771.47
Melinda,Habbal,mhabbalga@mapquest.com,Female,,11407.0
Dawn,Baldung,dbaldunggb@amazon.com,Female,,46738.0
Angel,Carlino,acarlinogc@usda.gov,Male,-54898.16,8234.72
Guenna,Ruvel,gruvelgd@google.nl,Female,28786.91,4318.04
Bernadina,Popescu,bpopescuge@newyorker.com,Bigender,-137919.38,20687.91
Riordan,Aingell,raingellgf@disqus.com,Male,168885.44,25332.82
Hilton,Castard,hcastardgg@webs.com,Male,64365.56,9654.83
Jannelle,Laville,jlavillegh@amazon.co.uk,Female,213219.86,31982.98
Leta,Busch,lbuschgi@geocities.com,Female,-26163.11,3924.47
Fayre,Berston,fberstongj@infoseek.co.jp,Genderqueer,191000.34,28650.05
Emmit,Boarer,eboarergk@google.ru,Male,40846.89,6127.03
Johannah,Blodgett,jblodgettgl@vk.com,Female,,15091.0
Maddy,World,mworldgm@wikia.com,Female,148240.21,22236.03
Den,Asker,daskergn@amazon.de,Male,20216.28,3032.44
Ringo,Flowers,rflowersgo@php.net,Male,127941.06,19191.16
Masha,Bowker,mbowkergp@blinklist.com,Female,164522.48,24678.37
Garvy,Albutt,galbuttgq@businessweek.com,Male,128854.3,19328.15
Bonnee,Catterall,bcatterallgr@japanpost.jp,Female,47580.43,7137.06
Orland,Peaple,opeaplegs@dmoz.org,Male,95202.34,14280.35
Nanete,Bonass,nbonassgt@jigsy.com,Female,142060.16,21309.02
Eadmund,Blodgett,eblodgettgu@samsung.com,Male,-129185.62,19377.84
Cheri,O'Cooney,cocooneygv@google.co.uk,Female,50154.86,7523.23
Boony,Timms,btimmsgw@google.de,Male,100763.42,15114.51
Correy,Crowche,ccrowchegx@nydailynews.com,Male,210058.82,31508.82
Kaela,Goble,kgoblegy@last.fm,Female,-239985.66,35997.85
Henry,Rabat,hrabatgz@e-recht24.de,Male,38867.95,5830.19
Costanza,Woodard,cwoodardh0@bluehost.com,Female,,9393.0
Sharla,Crumpton,scrumptonh1@parallels.com,Female,151184.86,22677.73
Reade,Campaigne,rcampaigneh2@microsoft.com,Male,238282.43,35742.36
Nils,Ashcroft,nashcrofth3@example.com,Genderqueer,194927.12,29239.07
Breena,Chomiszewski,bchomiszewskih4@hao123.com,Female,,11571.0
Gearard,Robbs,grobbsh5@ucoz.com,Male,216815.93,32522.39
Garrott,Calvey,gcalveyh6@issuu.com,Polygender,,37020.0
Selma,Liverock,sliverockh7@reverbnation.com,Female,,22856.0
Marjory,McClory,mmccloryh8@mozilla.com,Female,,40216.0
Biron,M'Quharg,bmquhargh9@free.fr,Male,190307.66,28546.15
Antoinette,Duthie,aduthieha@epa.gov,Female,43241.65,6486.25
Skipper,Nayshe,snayshehb@ask.com,Male,224976.88,33746.53
Broderic,Gauford,bgaufordhc@huffingtonpost.com,Male,139181.83,20877.27
Vite,Speers,vspeershd@chronoengine.com,Male,-161070.23,24160.53
Darryl,Kesley,dkesleyhe@disqus.com,Male,249556.67,37433.5
Babara,Lande,blandehf@goodreads.com,Female,47444.03,7116.6
Jose,Pawlaczyk,jpawlaczykhg@360.cn,Male,49211.74,7381.76
Cecily,Gonnet,cgonnethh@samsung.com,Female,74643.38,11196.51
Haleigh,Maulkin,hmaulkinhi@senate.gov,Male,15245.38,2286.81
Traci,Feasby,tfeasbyhj@comcast.net,Female,63339.62,9500.94
Thatcher,Back,tbackhk@usgs.gov,Male,75527.7,11329.16
Pavlov,Powner,ppownerhl@ovh.net,Male,118873.61,17831.04
Zsazsa,Hainsworth,zhainsworthhm@amazonaws.com,Female,193924.14,
Merralee,Cain,mcainhn@quantcast.com,Female,53289.43,7993.41
Andromache,Kulver,akulverho@tmall.com,Female,184184.43,27627.66
Lauren,Swannick,lswannickhp@liveinternet.ru,Male,29061.4,4359.21
Lorilyn,Coppeard,lcoppeardhq@webs.com,Bigender,195856.27,29378.44
Cortney,Hearsum,chearsumhr@ted.com,Female,-96969.71,14545.46
Ignacius,Wither,iwitherhs@youku.com,Male,,38968.0
Myrvyn,Heugel,mheugelht@posterous.com,Male,218057.5,32708.63
Colin,Grinishin,cgrinishinhu@youtube.com,Male,,12681.0
Sebastian,Gotts,sgottshv@nps.gov,Male,35130.47,5269.57
Fayina,Sparks,fsparkshw@wikia.com,Female,207001.18,31050.18
Darwin,Aldwich,daldwichhx@yellowpages.com,Bigender,26256.32,3938.45
Kelley,Grief,kgriefhy@de.vu,Agender,103169.35,15475.4
Sheela,Cissen,scissenhz@chron.com,Female,154107.49,23116.12
Reese,Van der Brug,rvanderbrugi0@bizjournals.com,Male,,32278.0
Webb,Baly,wbalyi1@icq.com,Male,101472.46,15220.87
Costa,Codrington,ccodringtoni2@examiner.com,Male,152355.13,22853.27
Meredeth,Fulcher,mfulcheri3@google.es,Non-binary,17905.75,2685.86
Oralla,Liddiatt,oliddiatti4@google.co.jp,Female,190073.85,28511.08
Mason,Cruddace,mcruddacei5@ed.gov,Male,28434.11,4265.12
Con,Plan,cplani6@linkedin.com,Polygender,115704.96,17355.74
Randi,Downs,rdownsi7@diigo.com,Male,215361.37,32304.21
Perceval,Trayling,ptraylingi8@earthlink.net,Male,204391.37,30658.71
Lanny,Pepper,lpepperi9@dedecms.com,Male,134334.62,20150.19
Karna,Ruthen,kruthenia@dagondesign.com,Female,200658.63,30098.79
Oby,Ducket,oducketib@mayoclinic.com,Male,241232.72,36184.91
Bertrand,Kinsella,bkinsellaic@biglobe.ne.jp,Polygender,,40938.0
Lacie,Douty,ldoutyid@berkeley.edu,Female,,15737.0
Madeline,McDonagh,mmcdonaghie@dailymotion.com,Female,211892.07,31783.81
Denver,Castro,dcastroif@mashable.com,Male,,44838.0
Tuckie,Fatscher,tfatscherig@opera.com,Male,233354.29,35003.14
Hilliary,Morcom,hmorcomih@symantec.com,Female,236777.17,35516.58
Shelby,Fountian,sfountianii@harvard.edu,Male,21223.26,3183.49
Monique,Seleway,mselewayij@usgs.gov,Polygender,99443.43,14916.51
Kalindi,Reisin,kreisinik@paypal.com,Female,41709.91,6256.49
Minni,Vasenin,mvaseninil@toplist.cz,Female,222550.5,33382.58
Mariska,Strettell,mstrettellim@techcrunch.com,Female,245008.84,36751.33
Alla,Ellick,aellickin@fastcompany.com,Female,151609.85,22741.48
Judah,Strangman,jstrangmanio@furl.net,Male,,39259.0
Valdemar,Spino,vspinoip@g.co,Genderfluid,191467.19,28720.08
Julienne,Bril,jbriliq@wiley.com,Female,45200.97,6780.15
Robinetta,Bohden,rbohdenir@ovh.net,Female,174095.93,26114.39
Natale,Palombi,npalombiis@goo.gl,Male,113999.13,17099.87
Dorthy,Acutt,dacuttit@disqus.com,Female,,45184.0
Nikos,Limpkin,nlimpkiniu@chron.com,Male,,21742.0
Ambros,Pickle,apickleiv@163.com,Bigender,,10916.0
Brnaba,Jeaycock,bjeaycockiw@sina.com.cn,Male,228230.64,34234.6
Ryon,Watting,rwattingix@bloglines.com,Male,191073.61,28661.04
Timmy,Skippen,tskippeniy@edublogs.org,Female,148588.53,22288.28
Christal,Moses,cmosesiz@4shared.com,Female,126924.68,19038.7
Kurtis,Huffa,khuffaj0@wordpress.com,Male,-71358.66,
Andrea,Jenkin,ajenkinj1@cargocollective.com,Male,23956.65,3593.5
Renaldo,Rossant,rrossantj2@4shared.com,Male,171796.21,25769.43
Tine,Gilliland,tgillilandj3@cmu.edu,Female,,31888.0
Linell,Ivanchenkov,livanchenkovj4@nytimes.com,Female,59327.86,8899.18
Travus,Shine,tshinej5@usnews.com,Male,73225.92,10983.89
Paco,MacAnespie,pmacanespiej6@ezinearticles.com,Male,,45024.0
Solomon,Anstiss,sanstissj7@barnesandnoble.com,Male,22098.41,3314.76
Yurik,Isley,yisleyj8@senate.gov,Male,,46897.0
Guenevere,MacParlan,gmacparlanj9@weibo.com,Female,43181.33,6477.2
Meg,Grinaugh,mgrinaughja@cnbc.com,Female,215017.75,32252.66
Hunt,Routh,hrouthjb@nhs.uk,Male,200933.44,30140.02
Doria,Daymont,ddaymontjc@reverbnation.com,Female,244272.24,36640.84
Gabriello,Whatford,gwhatfordjd@cdbaby.com,Male,74955.11,11243.27
Lorelle,Sonley,lsonleyje@amazonaws.com,Female,66804.87,10020.73
Huberto,Matysik,hmatysikjf@live.com,Polygender,131474.53,19721.18
Lona,Climo,lclimojg@chicagotribune.com,Female,82025.36,12303.8
Eugine,Pfertner,epfertnerjh@oakley.com,Female,,34666.0
Lee,Joslin,ljoslinji@zdnet.com,Agender,214686.44,32202.97
Laureen,Blaydes,lblaydesjj@globo.com,Female,220562.31,33084.35
Aurore,Dingate,adingatejk@jiathis.com,Female,58096.37,8714.46
Colline,Geater,cgeaterjl@google.pl,Female,164602.63,
Meyer,Bedder,mbedderjm@tumblr.com,Male,169103.88,25365.58
Lisle,Mingay,lmingayjn@wired.com,Male,84145.17,12621.78
Tory,Tidman,ttidmanjo@ifeng.com,Female,218311.44,32746.72
Elihu,Helm,ehelmjp@japanpost.jp,Male,39097.6,5864.64
Milli,Cuskery,mcuskeryjq@google.it,Female,168726.82,25309.02
Ancell,Elcott,aelcottjr@opera.com,Male,-222716.04,33407.41
Ray,Kleisle,rkleislejs@barnesandnoble.com,Female,,33793.0
Jacquetta,Hofler,jhoflerjt@archive.org,Non-binary,,22210.0
Rosaline,Bullon,rbullonju@devhub.com,Female,195656.31,29348.45
Lurline,Morriarty,lmorriartyjv@webeden.co.uk,Female,79107.74,11866.16
Irita,Gardiner,igardinerjw@mozilla.com,Female,,29478.0
Sari,Farge,sfargejx@home.pl,Female,,5091.0
Way,Perryn,wperrynjy@posterous.com,Male,120365.63,18054.84
Elaina,Oxtoby,eoxtobyjz@networkadvertising.org,Female,-168900.32,25335.05
Ann-marie,McDougald,amcdougaldk0@alexa.com,Female,18536.18,2780.43
Nathaniel,Fraanchyonok,nfraanchyonokk1@live.com,Male,226816.79,34022.52
Karee,Seyler,kseylerk2@answers.com,Female,175909.78,26386.47
Jacqui,Cicchetto,jcicchettok3@gizmodo.com,Female,91128.52,13669.28
Frederico,Cowles,fcowlesk4@rambler.ru,Male,220535.99,33080.4
Eduard,Kalkofer,ekalkoferk5@wisc.edu,Genderfluid,130881.97,19632.3
Rosabelle,Kitchingham,rkitchinghamk6@google.fr,Genderqueer,170701.18,25605.18
Kilian,Bigadike,kbigadikek7@joomla.org,Male,55513.96,8327.09
Jozef,Geall,jgeallk8@feedburner.com,Male,43569.98,6535.5
Nert,Asch,naschk9@infoseek.co.jp,Female,91016.06,13652.41
Harri,Thomann,hthomannka@craigslist.org,Female,226542.75,33981.41
Gaby,Willshire,gwillshirekb@hugedomains.com,Male,249767.44,37465.12
Kelley,Salmons,ksalmonskc@foxnews.com,Female,,14444.0
Vanni,Cardo,vcardokd@statcounter.com,Female,152946.93,22942.04
Huntlee,Lambert,hlambertke@accuweather.com,Male,96471.0,14470.65
Kore,Solan,ksolankf@canalblog.com,Female,232872.13,34930.82
Alyda,Braunstein,abraunsteinkg@devhub.com,Female,71204.76,10680.71
Glennie,Morfett,gmorfettkh@addthis.com,Female,246070.65,36910.6
Abie,Hagyard,ahagyardki@shareasale.com,Male,186371.89,27955.78
Seka,Venediktov,svenediktovkj@trellian.com,Female,-82372.03,12355.8
Brendin,Galsworthy,bgalsworthykk@goo.gl,Male,190951.16,28642.67
Sophronia,Langeley,slangeleykl@constantcontact.com,Female,202419.89,30362.98
Reider,Connold,rconnoldkm@statcounter.com,Male,,39379.0
Ced,Piegrome,cpiegromekn@loc.gov,Male,155241.01,23286.15
Rita,Dunnett,rdunnettko@disqus.com,Female,29661.19,4449.18
Sharon,Jachtym,sjachtymkp@umn.edu,Female,246027.22,36904.08
Carlen,Comizzoli,ccomizzolikq@newsvine.com,Female,242487.47,36373.12
Vanny,Pryn,vprynkr@comcast.net,Polygender,234418.23,35162.73
Pippy,Cutchey,pcutcheyks@barnesandnoble.com,Female,230643.44,
Hervey,Guisby,hguisbykt@chronoengine.com,Male,33194.08,4979.11
Dorelle,Zecchini,dzecchiniku@ocn.ne.jp,Female,160457.83,24068.67
Moyna,Drawmer,mdrawmerkv@hibu.com,Female,96040.07,14406.01
Flo,Buttner,fbuttnerkw@constantcontact.com,Female,247815.34,37172.3
Dave,Fladgate,dfladgatekx@nifty.com,Male,83527.32,12529.1
Titus,Hamnett,thamnettky@thetimes.co.uk,Male,,31895.0
Florentia,Steers,fsteerskz@homestead.com,Female,86036.64,12905.5
Georgena,Stoggell,gstoggelll0@bing.com,Genderqueer,,41293.0
Cord,Jarman,cjarmanl1@godaddy.com,Male,142643.08,21396.46
Juditha,Feaks,jfeaksl2@creativecommons.org,Agender,-93628.24,14044.24
Aloin,Di Giacomettino,adigiacomettinol3@gravatar.com,Male,213739.36,32060.9
Emmye,Bim,ebiml4@hostgator.com,Female,228557.73,34283.66
Dotty,Budden,dbuddenl5@boston.com,Female,-183871.57,27580.74
Tannie,Ranson,transonl6@google.co.jp,Male,73549.46,11032.42
Clara,Mansuer,cmansuerl7@imdb.com,Female,183263.77,27489.57
Coriss,Powling,cpowlingl8@bluehost.com,Female,100124.4,15018.66
Jake,Waterworth,jwaterworthl9@techcrunch.com,Polygender,-200688.65,30103.3
Aland,Sandeman,asandemanla@networksolutions.com,Male,183054.33,27458.15
Ricard,Thridgould,rthridgouldlb@php.net,Male,178888.81,26833.32
Beale,Rodway,brodwaylc@fema.gov,Male,,27861.0
Teddy,Dyment,tdymentld@telegraph.co.uk,Female,-42756.25,6413.44
Christyna,Smitherman,csmithermanle@tamu.edu,Female,68348.09,10252.21
Hilton,Alpine,halpinelf@netlog.com,Male,84175.56,12626.33
Tobe,Linskill,tlinskilllg@shareasale.com,Male,77088.45,11563.27
Catriona,Crawford,ccrawfordlh@bloglines.com,Genderfluid,38255.05,5738.26
Carroll,Korlat,ckorlatli@ning.com,Male,,10579.0
Auberon,Sherlock,asherlocklj@networksolutions.com,Male,108337.98,16250.7
Tait,Le Conte,tlecontelk@mtv.com,Male,133771.31,20065.7
Ginevra,Elen,gelenll@disqus.com,Female,-217442.78,32616.42
Curt,Tonner,ctonnerlm@salon.com,Male,73652.15,11047.82
Rudd,Wheildon,rwheildonln@wired.com,Polygender,121437.99,18215.7
Hanny,Muirden,hmuirdenlo@globo.com,Female,118101.53,17715.23
Conny,Merioth,cmeriothlp@techcrunch.com,Female,,13193.0
Zabrina,Kleinzweig,zkleinzweiglq@prweb.com,Female,,12577.0
Sauveur,Ibarra,sibarralr@forbes.com,Male,66122.78,9918.42
Gerry,Abramowitch,gabramowitchls@youku.com,Male,151983.4,22797.51
Izzy,Wisniewski,iwisniewskilt@europa.eu,Male,100770.87,15115.63
Amerigo,Spavon,aspavonlu@census.gov,Male,132860.99,19929.15
Kara-lynn,Bonas,kbonaslv@prweb.com,Female,-78596.73,11789.51
Martelle,Trewhitt,mtrewhittlw@huffingtonpost.com,Female,50888.2,7633.23
Rozanne,Kilbane,rkilbanelx@msu.edu,Female,23997.16,3599.57
Mel,Andreucci,mandreuccily@linkedin.com,Male,176908.7,26536.31
Dee,Straine,dstrainelz@myspace.com,Female,95422.98,14313.45
Christophorus,Coetzee,ccoetzeem0@ca.gov,Male,61134.54,9170.18
Bebe,Di Franceschi,bdifranceschim1@dyndns.org,Female,26276.76,
Hirsch,Reidshaw,hreidshawm2@wordpress.com,Male,66117.17,9917.58
Christean,Bagshawe,cbagshawem3@paginegialle.it,Female,23449.18,3517.38
Murdoch,Barbara,mbarbaram4@google.com.au,Male,211298.92,31694.84
Dania,Olivera,doliveram5@nbcnews.com,Female,179156.89,26873.53
Josefa,Mongenot,jmongenotm6@example.com,Female,73210.43,10981.56
Rudd,Rowbrey,rrowbreym7@ftc.gov,Male,148936.53,22340.48
Gardy,Chamberlin,gchamberlinm8@tuttocitta.it,Male,,30197.0
Jo,Slaten,jslatenm9@a8.net,Male,146542.02,21981.3
Lennard,Andrini,landrinima@mit.edu,Male,61088.05,9163.21
Cordelie,Roumier,croumiermb@hibu.com,Genderfluid,49697.06,7454.56
Melody,Epton,meptonmc@opera.com,Female,,29216.0
Sabrina,Sedgemond,ssedgemondmd@apple.com,Female,117976.3,17696.45
Dex,Wyard,dwyardme@over-blog.com,Male,55749.3,8362.4
Adolf,Ivers,aiversmf@shareasale.com,Male,51289.53,
Mayor,Tonks,mtonksmg@telegraph.co.uk,Male,125218.67,18782.8
Melanie,Warcop,mwarcopmh@netscape.com,Female,118807.23,17821.08
Sybil,Lethby,slethbymi@virginia.edu,Female,215716.77,32357.52
Charley,Craighall,ccraighallmj@statcounter.com,Male,117651.45,17647.72
Constancy,Doley,cdoleymk@hostgator.com,Female,241526.63,36228.99
Celestyna,Brasseur,cbrasseurml@liveinternet.ru,Female,,9470.0
Melisent,Verheijden,mverheijdenmm@surveymonkey.com,Female,71260.65,10689.1
Ricoriki,Clibbery,rclibberymn@prweb.com,Male,161773.07,24265.96
Van,Maffy,vmaffymo@last.fm,Male,-216875.74,32531.36
Jolie,Condliffe,jcondliffemp@sitemeter.com,Female,62438.44,9365.77
Heindrick,Wermerling,hwermerlingmq@addtoany.com,Male,86635.32,12995.3
Hanson,Bellwood,hbellwoodmr@army.mil,Male,170316.78,25547.52
Britt,Kippen,bkippenms@1und1.de,Agender,122746.55,18411.98
Urbain,Beake,ubeakemt@bluehost.com,Male,38340.27,5751.04
Zachery,Lowes,zlowesmu@geocities.com,Male,107058.94,16058.84
Lindie,Howship,lhowshipmv@wp.com,Female,192210.61,28831.59
Alfreda,Gerrell,agerrellmw@guardian.co.uk,Female,144194.61,21629.19
Ruddie,Denmead,rdenmeadmx@ask.com,Male,217986.67,32698.0
Kit,Crudge,kcrudgemy@bizjournals.com,Female,,15256.0
Huey,Standeven,hstandevenmz@elpais.com,Genderqueer,194686.59,29202.99
Miner,Grishakin,mgrishakinn0@mac.com,Male,239120.5,35868.08
Jareb,Wankel,jwankeln1@icq.com,Male,139438.04,20915.71
Barbey,Dummer,bdummern2@paypal.com,Female,229935.16,
Elwin,Pignon,epignonn3@stumbleupon.com,Male,168689.09,25303.36
Dredi,Gifkins,dgifkinsn4@samsung.com,Female,203317.85,30497.68
Sammy,Baumann,sbaumannn5@japanpost.jp,Male,135396.0,20309.4
Luca,Tesh,lteshn6@so-net.ne.jp,Male,97095.53,14564.33
Gottfried,Leathes,gleathesn7@rediff.com,Male,136793.65,20519.05
Sallee,Fassbindler,sfassbindlern8@soup.io,Female,41833.04,6274.96
Suzann,Scouler,sscoulern9@bizjournals.com,Female,168229.42,25234.41
Joli,Tubble,jtubblena@spotify.com,Genderqueer,,24749.0
Ami,Ech,aechnb@biglobe.ne.jp,Female,94791.24,14218.69
Walliw,Pentercost,wpentercostnc@ovh.net,Bigender,18385.43,2757.81
Dal,Halm,dhalmnd@ovh.net,Agender,208931.84,31339.78
Corrie,Vasilyev,cvasilyevne@ox.ac.uk,Female,74341.48,11151.22
Shurlock,Laurencot,slaurencotnf@google.com,Male,,41775.0
Kynthia,Kinnock,kkinnockng@narod.ru,Female,87497.42,13124.61
Binky,Yea,byeanh@cocolog-nifty.com,Male,205053.89,30758.08
Oralla,Freckelton,ofreckeltonni@weather.com,Female,,42588.0
Demetris,Ludlem,dludlemnj@umn.edu,Male,73343.69,11001.55
Briny,Galbraeth,bgalbraethnk@goodreads.com,Female,16459.06,2468.86
Sibbie,Ransfield,sransfieldnl@samsung.com,Female,208794.24,31319.14
Kip,Pimlott,kpimlottnm@washington.edu,Male,-227165.32,34074.8
Sascha,Havick,shavicknn@diigo.com,Male,99337.77,
Cherri,Weatherburn,cweatherburnno@google.com.hk,Agender,83532.94,12529.94
Aylmer,Breakspear,abreakspearnp@sbwire.com,Male,93841.04,14076.16
Leonora,Brasener,lbrasenernq@cdc.gov,Female,128502.81,19275.42
Mommy,Smithers,msmithersnr@hud.gov,Female,-94231.58,14134.74
Sydney,Antonoczyk,santonoczykns@oakley.com,Male,122315.71,18347.36
Rica,Kittel,rkittelnt@linkedin.com,Female,177704.71,26655.71
Toma,Di Maria,tdimarianu@cloudflare.com,Female,41897.84,6284.68
Nils,Roe,nroenv@bloglines.com,Male,231159.58,34673.94
Carly,Abadam,cabadamnw@altervista.org,Male,156135.2,23420.28
Duane,Crum,dcrumnx@topsy.com,Male,109611.57,16441.74
Zaccaria,Yielding,zyieldingny@oaic.gov.au,Male,136725.01,20508.75
Isa,Montgomery,imontgomerynz@t-online.de,Male,164930.61,24739.59
Stephannie,Messam,smessamo0@buzzfeed.com,Female,208752.4,31312.86
Wenonah,Aston,wastono1@newsvine.com,Non-binary,238711.16,
Franciska,Faircley,ffaircleyo2@msu.edu,Female,116283.44,17442.52
Blondelle,Woodyer,bwoodyero3@psu.edu,Female,96057.55,14408.63
Alaric,Garnam,agarnamo4@sbwire.com,Male,128056.18,19208.43
Charla,Shrimpton,cshrimptono5@spotify.com,Female,163920.09,24588.01
Maressa,Jaslem,mjaslemo6@about.com,Female,189922.18,28488.33
Shanda,Kausche,skauscheo7@java.com,Female,48466.81,7270.02
Bliss,Vahl,bvahlo8@ameblo.jp,Genderqueer,-54566.65,8185.0
Lane,Corser,lcorsero9@mapquest.com,Male,-108739.65,16310.95
Bethena,Scripps,bscrippsoa@blogspot.com,Female,,36931.0
Robbin,Newey,rneweyob@ask.com,Female,222114.15,33317.12
Dael,Hayland,dhaylandoc@desdev.cn,Female,188597.99,28289.7
Madel,Buckner,mbucknerod@nymag.com,Female,237014.2,35552.13
Audry,Hackinge,ahackingeoe@shinystat.com,Female,221351.88,33202.78
Tuesday,Rapier,trapierof@123-reg.co.uk,Female,25147.49,3772.12
Brittni,O'Mailey,bomaileyog@reverbnation.com,Female,,20068.0
Borden,Dreini,bdreinioh@ca.gov,Male,237221.52,35583.23
Sallyann,Haysman,shaysmanoi@ameblo.jp,Non-binary,46855.42,7028.31
Dorey,Corthes,dcorthesoj@chronoengine.com,Female,156877.48,23531.62
Deeanne,Bentley,dbentleyok@fastcompany.com,Female,201294.03,30194.1
Glenn,Felix,gfelixol@nps.gov,Female,,12867.0
Fidelia,Imbrey,fimbreyom@google.com.br,Female,216776.54,32516.48
Jolyn,Martelet,jmarteleton@dailymail.co.uk,Female,171589.21,25738.38
Nappie,Bradburn,nbradburnoo@twitter.com,Male,-32822.67,4923.4
Sherie,Swigger,sswiggerop@nasa.gov,Female,175207.68,26281.15
Jourdain,Greensitt,jgreensittoq@mysql.com,Male,120003.22,18000.48
Lorinda,Niccols,lniccolsor@1und1.de,Female,82578.51,12386.78
Auberon,Padgett,apadgettos@epa.gov,Male,,29697.0
Madelena,Berns,mbernsot@github.com,Polygender,-249517.56,37427.63
Eldin,Baurerich,ebaurerichou@about.me,Male,24262.86,3639.43
Angel,Giacobillo,agiacobilloov@illinois.edu,Female,,49048.0
Frederich,Lukesch,flukeschow@ameblo.jp,Male,112420.13,16863.02
Roxana,McPhillimey,rmcphillimeyox@google.es,Female,82956.92,12443.54
Myrtie,Lindenfeld,mlindenfeldoy@zimbio.com,Non-binary,110424.04,16563.61
Auberta,Hartlebury,ahartleburyoz@sogou.com,Female,39091.04,5863.66
Tess,Werndley,twerndleyp0@chicagotribune.com,Female,,38097.0
Johnath,Lorking,jlorkingp1@clickbank.net,Female,157026.19,23553.93
Verne,Weatherhogg,vweatherhoggp2@parallels.com,Genderfluid,175271.74,26290.76
Garrek,Stansall,gstansallp3@imdb.com,Male,60981.86,9147.28
Tabina,Bennett,tbennettp4@indiatimes.com,Female,83279.73,12491.96
Germaine,Corbitt,gcorbittp5@webmd.com,Male,,34229.0
Noby,Dulton,ndultonp6@jiathis.com,Agender,,40361.0
Aland,Stallwood,astallwoodp7@hhs.gov,Male,220108.36,33016.25
Elizabeth,Haton,ehatonp8@tmall.com,Female,182248.07,27337.21
Jeanine,Kienzle,jkienzlep9@google.fr,Female,105600.99,15840.15
Knox,Charer,kcharerpa@prweb.com,Male,234943.89,35241.58
Vito,Follis,vfollispb@washington.edu,Male,184248.71,
Darcy,Normanell,dnormanellpc@topsy.com,Male,41796.24,6269.44
Trumaine,Di Baudi,tdibaudipd@flickr.com,Male,20269.16,3040.37
Gar,Ramble,gramblepe@ehow.com,Male,57265.9,8589.89
Yank,Hanlin,yhanlinpf@biglobe.ne.jp,Male,131238.71,19685.81
Prentice,Beaton,pbeatonpg@eepurl.com,Male,184699.77,27704.97
Cornie,Aris,carisph@themeforest.net,Female,127063.5,19059.53
Eve,Palser,epalserpi@creativecommons.org,Female,26642.19,3996.33
Alexander,Fleisch,afleischpj@github.io,Male,230860.55,34629.08
Rad,Blyde,rblydepk@cyberchimps.com,Male,-196014.04,29402.11
Merrel,Iannitti,miannittipl@earthlink.net,Male,248544.77,37281.72
Lauretta,Miroy,lmiroypm@weebly.com,Female,230260.2,34539.03
Grannie,Hearon,ghearonpn@addthis.com,Male,234169.24,35125.39
Beret,Lissett,blissettpo@blogtalkradio.com,Female,,20100.0
Breanne,Rosbrough,brosbroughpp@zimbio.com,Female,211697.57,31754.64
Bronson,Greene,bgreenepq@thetimes.co.uk,Male,,21879.0
Tome,Sive,tsivepr@tinypic.com,Male,203253.85,30488.08
Inglis,Dagg,idaggps@1688.com,Male,82414.54,12362.18
Finlay,Margery,fmargerypt@merriam-webster.com,Male,226969.12,34045.37
Ferguson,Gude,fgudepu@webmd.com,Male,48935.28,7340.29
Davin,Vondrach,dvondrachpv@dedecms.com,Male,,27306.0
Tessy,Murgatroyd,tmurgatroydpw@cnn.com,Female,85512.83,12826.92
Sallie,Pafford,spaffordpx@samsung.com,Female,152827.96,22924.19
Barnett,Linfoot,blinfootpy@tinyurl.com,Polygender,209380.6,31407.09
Lovell,Fance,lfancepz@wikispaces.com,Male,140807.31,21121.1
Walther,Depka,wdepkaq0@china.com.cn,Male,42812.11,6421.82
Natassia,Smeath,nsmeathq1@columbia.edu,Female,50990.23,7648.53
Arleta,McMechan,amcmechanq2@hugedomains.com,Female,,41868.0
Jinny,Hamsson,jhamssonq3@blogger.com,Female,,43889.0
Jamesy,McIlriach,jmcilriachq4@jimdo.com,Male,41936.34,6290.45
Matias,Trusty,mtrustyq5@vk.com,Male,58539.47,8780.92
Dilan,Gludor,dgludorq6@goodreads.com,Male,-96785.94,14517.89
Shalna,Gauch,sgauchq7@cbsnews.com,Bigender,106635.51,15995.33
Tandie,Hattrick,thattrickq8@rakuten.co.jp,Female,-132413.38,19862.01
Dottie,Zapater,dzapaterq9@go.com,Female,237727.09,35659.06
Tann,Cheley,tcheleyqa@fastcompany.com,Non-binary,37193.46,5579.02
Renaldo,Hewertson,rhewertsonqb@wunderground.com,Male,210226.94,31534.04
Saraann,McAirt,smcairtqc@topsy.com,Female,80491.94,12073.79
Cortie,Rebichon,crebichonqd@vimeo.com,Genderqueer,191229.87,28684.48
Chery,Bailes,cbailesqe@alexa.com,Female,170291.95,25543.79
Wenda,Balthasar,wbalthasarqf@github.io,Female,207531.78,31129.77
Thibaut,Alday,taldayqg@newsvine.com,Male,128008.62,19201.29
Filmer,Wordesworth,fwordesworthqh@msn.com,Male,194365.17,29154.78
Caterina,Von Hindenburg,cvonhindenburgqi@webnode.com,Female,185389.93,27808.49
Russell,Hiscoke,rhiscokeqj@smh.com.au,Genderfluid,186036.58,27905.49
Yalonda,Carey,ycareyqk@bigcartel.com,Female,154168.13,23125.22
Aeriela,Goodread,agoodreadql@g.co,Female,,30199.0
Lucien,Lucius,lluciusqm@newyorker.com,Bigender,60463.28,9069.49
Madeleine,Ragless,mraglessqn@sogou.com,Female,86527.85,12979.18
Brynn,Boagey,bboageyqo@dagondesign.com,Genderqueer,-198095.64,29714.35
Rochester,Giamelli,rgiamelliqp@nationalgeographic.com,Male,,32065.0
Valida,Pollard,vpollardqq@jimdo.com,Female,68934.22,10340.13
Lorens,Gissing,lgissingqr@cisco.com,Male,104963.07,15744.46
Bridie,Nannoni,bnannoniqs@nsw.gov.au,Genderqueer,48519.88,7277.98
Conrad,Harkins,charkinsqt@uiuc.edu,Male,,35702.0
Valera,Bladon,vbladonqu@google.cn,Female,32430.36,4864.55
Radcliffe,Gronou,rgronouqv@mashable.com,Male,173217.41,25982.61
Rouvin,Menico,rmenicoqw@salon.com,Male,72758.15,10913.72
Christoph,Woffinden,cwoffindenqx@bing.com,Male,96950.46,14542.57
Cornelius,Bearcroft,cbearcroftqy@google.fr,Male,,34906.0
Vilma,Durtnel,vdurtnelqz@tripadvisor.com,Female,174398.78,26159.82
Ulrica,Glowach,uglowachr0@ocn.ne.jp,Female,175063.07,26259.46
Annecorinne,Izsak,aizsakr1@springer.com,Female,,40207.0
Ebonee,Vanyushin,evanyushinr2@seattletimes.com,Female,196665.02,29499.75
Julie,Gateland,jgatelandr3@ucoz.ru,Male,-36204.63,5430.69
Alexis,Pires,apiresr4@last.fm,Female,,26511.0
Mechelle,Ondrich,mondrichr5@nationalgeographic.com,Female,165673.16,24850.97
Rickey,Richmond,rrichmondr6@creativecommons.org,Male,216145.11,32421.77
Bernardina,Nanson,bnansonr7@google.com.au,Female,142698.45,21404.77
Cherye,Vanes,cvanesr8@t.co,Female,164817.02,24722.55
Durand,McCritchie,dmccritchier9@alexa.com,Male,161975.71,24296.36
Pat,Elsip,pelsipra@china.com.cn,Female,39270.34,5890.55
Ellen,Kearton,ekeartonrb@blog.com,Genderfluid,227192.98,34078.95
Perla,McMurtyr,pmcmurtyrrc@barnesandnoble.com,Female,,32538.0
Bianka,Kesey,bkeseyrd@arstechnica.com,Female,133707.9,20056.19
Tate,Reaney,treaneyre@plala.or.jp,Male,168999.44,25349.92
Arlin,Hamill,ahamillrf@state.tx.us,Male,99844.95,14976.74
Quincey,Malyj,qmalyjrg@studiopress.com,Male,188767.81,28315.17
Claire,Briskey,cbriskeyrh@microsoft.com,Non-binary,107028.57,16054.29
Amitie,Hegel,ahegelri@yolasite.com,Female,182246.44,27336.97
Deck,Romney,dromneyrj@upenn.edu,Male,,14531.0
Cora,Brash,cbrashrk@epa.gov,Female,221969.68,33295.45
Madelyn,Warke,mwarkerl@hhs.gov,Female,45510.79,6826.62
Kial,Thody,kthodyrm@macromedia.com,Female,134038.51,20105.78
Darryl,Fidelli,dfidellirn@gnu.org,Polygender,-157893.18,23683.98
Correy,Aslin,caslinro@feedburner.com,Male,194710.17,29206.53
Romonda,Febvre,rfebvrerp@arstechnica.com,Female,130842.64,19626.4
Kamila,Nucator,knucatorrq@tumblr.com,Female,-207697.22,31154.58
Rori,Gosse,rgosserr@admin.ch,Female,198450.74,29767.61
